{"0": {"e0": [0.49671414494514465, -0.13826429843902588, 0.6476885676383972, 1.5230298042297363, -0.2341533750295639, -0.23413695394992828, 1.5792127847671509, 0.7674347162246704], "e1": [-0.4694743752479553, 0.5425600409507751, -0.4634176790714264, -0.4657297432422638, 0.241962268948555, -1.9132802486419678, -1.7249178886413574, -0.5622875094413757], "e2": [-1.0128310918807983, 0.31424733996391296, -0.9080240726470947, -1.4123036861419678, 1.4656487703323364, -0.2257762998342514, 0.06752820312976837, -1.424748182296753], "e3": [-0.5443827509880066, 0.11092258989810944, -1.1509935855865479, 0.3756980299949646, -0.6006386876106262, -0.2916937470436096, -0.6017066240310669, 1.852278232574463], "e4": [-0.013497225008904934, -1.057710886001587, 0.8225449323654175, -1.2208436727523804, 0.20886360108852386, -1.959670066833496, -1.32818603515625, 0.19686123728752136]}, "1": {"c1": [-0.29134875535964966, -1.4469270706176758, 0.7115935683250427, -0.9551509022712708, 0.9281311631202698, -0.5759933590888977, -1.4414536952972412, 0.8971532583236694]}}